assemblyΩ1_5921	UniRef100_A0A0E2SQD2~K03296	99.2	868	7	0	1	868	17	884	0.0	1630
assemblyΩ2_2469	UniRef100_A0A078T3M4~K03296	57.6	860	364	1	1	859	1	860	0.0	972
assemblyΩ1_4386	UniRef100_Q64ZP0~K07407	87.2	735	63	5	69	788	1	719	0.0	1308
assemblyΩ2_961	UniRef100_A0A149N4Z7~K00688	98.6	775	11	0	1	775	1	775	0.0	1570
assemblyΩ1_5825	UniRef100_F7XVW4~K03046	53.4	678	297	4	1	674	50	712	1.25e-244	700
assemblyΩ2_546	UniRef100_A0A068DSQ2~K01890	38.9	576	337	7	37	611	45	606	4.92e-136	419
assemblyΩ1_6651	UniRef100_A0A139THT0~K03655	91.8	601	20	3	5	591	18	603	0.0	1080
assemblyΩ1_5051	UniRef100_A0A017N4I3~K21572	97.9	564	11	1	1	564	19	581	0.0	1150
assemblyΩ1_4582	UniRef100_A0A0P0GDS9~K01190	30.1	604	346	12	2	545	142	729	2.75e-82	277
assemblyΩ2_2398	UniRef100_A0A0K6BWM6~K21572	96.8	539	17	0	1	539	1	539	0.0	1058
assemblyΩ2_1992	UniRef100_A0A0E2AKM6~K21572	98.3	539	9	0	1	539	1	539	0.0	1088
assemblyΩ2_2095	UniRef100_H6SQ71~K03701	43.2	549	277	9	1	519	43	586	1.52e-133	406
assemblyΩ2_1835	UniRef100_A0LYA0~K01138	52.1	505	229	6	22	515	22	524	4.41e-179	521
assemblyΩ1_4586	UniRef100_A0A0U5I951~K18138	48.4	502	252	4	6	500	5	506	6.15e-151	449
assemblyΩ1_6076	UniRef100_I6ZVC5~K03572	32.2	485	310	6	16	499	78	544	6.59e-71	241
assemblyΩ2_1823	UniRef100_Q89YL8~K01206	34.3	510	246	15	40	484	95	580	1.30e-71	243
assemblyΩ1_7361	UniRef100_A0A015PXM6~K08169	79.9	458	75	5	32	480	17	466	6.10e-237	662
assemblyΩ1_2737	UniRef100_A0A0K6BQN5~K00342	98.8	482	5	1	1	482	14	494	0.0	924
assemblyΩ3_140	UniRef100_H2A8Z2~K17686	47.5	463	238	4	4	465	7	465	1.75e-135	406
assemblyΩ1_2738	UniRef100_A0A016CTJ2~K00343	95.0	478	24	0	1	478	1	478	0.0	878
assemblyΩ2_1826	UniRef100_D2T4T2~K01190	36.8	462	249	10	23	448	1	455	1.76e-86	280
assemblyΩ1_4475	UniRef100_Q64ZU0~K04079	92.6	474	35	0	1	474	115	588	0.0	884
assemblyΩ1_1033	UniRef100_D5ERJ0~K15738	69.3	489	122	3	1	471	120	598	7.42e-233	657
assemblyΩ1_5408	UniRef100_Q5L7N5~K01610	99.3	461	3	0	1	461	46	506	0.0	932
assemblyΩ1_3718	UniRef100_W0EVY8~K00986	59.7	462	183	2	1	460	81	541	9.82e-207	588
assemblyΩ1_2695	UniRef100_A0A0U1EPQ8~K01138	42.7	468	250	8	10	462	37	501	6.02e-133	399
assemblyΩ3_123	UniRef100_R9V4N6~K00281	56.1	471	188	3	1	463	17	476	7.42e-177	512
assemblyΩ1_6219	UniRef100_Q5L8W1~K06178	97.9	466	10	0	1	466	1	466	5.37e-218	613
assemblyΩ1_1429	UniRef100_A0A015QS85~K03315	95.9	463	19	0	1	463	14	476	1.47e-312	853
assemblyΩ1_6739	UniRef100_R5VXX3~K07462	53.7	458	197	4	18	461	110	566	1.36e-163	479
assemblyΩ1_6069	UniRef100_A0A149NQL8~K03771	97.4	431	11	0	1	431	1	431	1.94e-293	804
assemblyΩ2_1483	UniRef100_A0A0E3Q586~K06147	40.7	391	228	1	44	434	1	387	1.45e-86	276
assemblyΩ2_755	UniRef100_A0A1C7GZW2~K00266	75.1	394	89	4	1	392	1	387	1.51e-217	611
assemblyΩ1_5026	UniRef100_F4C2X8~K03332	76.6	444	102	1	2	445	105	546	9.20e-271	749
assemblyΩ1_4916	UniRef100_Q8YR20~K03555	45.2	383	201	4	1	377	1	380	2.97e-105	323
assemblyΩ1_48	UniRef100_A0A139T6Y9~K21572	93.7	442	28	0	1	442	104	545	7.43e-299	820
assemblyΩ1_3603	UniRef100_A0A139T2T8~K12340	94.5	440	24	0	1	440	4	443	1.20e-290	795
assemblyΩ1_6589	UniRef100_E1X7H0~K15738	31.2	429	254	10	4	413	10	416	6.06e-51	184
assemblyΩ1_228	UniRef100_A0A139T8P5~K01791	95.8	384	16	0	1	384	1	384	2.09e-270	741
assemblyΩ1_4614	UniRef100_E1WK17~K01686	91.8	402	32	1	1	401	1	402	1.18e-274	752
assemblyΩ3_95	UniRef100_A0A0K6BUM1~K00351	97.6	340	8	0	40	379	1	340	1.28e-240	666
assemblyΩ1_5529	UniRef100_A9AUT8~K07407	44.6	370	196	5	1	365	14	379	1.73e-108	330
assemblyΩ2_1256	UniRef100_A0A139TBB9~K00639	99.2	386	3	0	1	386	9	394	8.11e-278	760
assemblyΩ1_7023	UniRef100_A0A0E0XY88~K01847	59.9	397	154	2	1	393	30	425	1.65e-156	453
assemblyΩ2_1212	UniRef100_A9A1S5~K15894	33.6	339	202	10	56	392	2	319	9.16e-43	158
assemblyΩ1_4372	UniRef100_A0A068N217~K15633	43.9	403	209	7	1	391	82	479	2.44e-105	325
assemblyΩ1_985	UniRef100_A0A015UA34~K00652	85.7	384	55	0	1	384	1	384	2.21e-239	662
assemblyΩ1_2324	UniRef100_A0A126PAY2~K02429	30.2	451	234	11	1	384	7	443	5.75e-54	190
assemblyΩ1_4028	UniRef100_B1KFU9~K03385	50.7	373	180	3	1	369	88	460	1.81e-131	390
assemblyΩ1_2671	UniRef100_A0A0K6BQB1~K01206	98.9	374	3	1	1	374	77	449	1.95e-287	785
assemblyΩ1_823	UniRef100_A0A174AYT0~K03286	46.8	393	158	10	1	373	1	362	3.71e-83	263
assemblyΩ1_2439	UniRef100_E9I3C8~K01414	40.1	329	192	5	38	363	1	327	3.62e-75	243
assemblyΩ1_6050	UniRef100_A0A0K6BYV0~K03545	95.1	366	18	0	1	366	48	413	8.98e-242	669
assemblyΩ2_908	UniRef100_A0A0A1H2V7~K01531	46.6	305	156	4	57	360	1	299	1.88e-85	266
assemblyΩ2_344	UniRef100_A0A015NXA2~K01992	95.3	365	17	0	1	365	32	396	6.51e-257	705
assemblyΩ1_5708	UniRef100_A0A0K6BZE5~K00971	94.9	356	17	1	1	356	1	355	1.42e-249	685
assemblyΩ1_7360	UniRef100_A0A1G1TXA9~K03430	96.4	362	13	0	1	362	1	362	7.14e-261	713
assemblyΩ1_4381	UniRef100_Q93NB7~K15987	49.8	293	123	2	64	354	1	271	2.54e-80	252
assemblyΩ2_2120	UniRef100_P56810~K00169	33.4	323	199	8	13	331	9	319	2.89e-40	152
assemblyΩ1_7343	UniRef100_A0A140DTJ4~K00790	36.2	362	206	8	4	355	29	375	4.06e-55	192
assemblyΩ1_2731	UniRef100_Q5LH51~K00337	99.2	358	3	0	1	358	1	358	1.61e-255	699
assemblyΩ1_53	UniRef100_A0A149N7X8~K01442	99.7	359	0	1	1	358	1	359	4.15e-265	724
assemblyΩ1_5010	UniRef100_W8JGP2~K02470	48.1	314	162	1	16	329	6	318	1.73e-93	289
assemblyΩ1_3286	UniRef100_Q64YK6~K03665	98.9	351	3	1	1	351	1	350	1.80e-234	649
assemblyΩ1_397	UniRef100_Q8VU13~K01711	99.7	357	1	0	1	357	1	357	1.29e-265	725
assemblyΩ1_7240	UniRef100_L0HNJ3~K01647	38.7	349	185	10	1	346	59	381	1.56e-50	179
assemblyΩ2_1899	UniRef100_F7LU25~K07148	77.3	353	57	2	1	342	1	341	7.41e-187	527
assemblyΩ1_6057	UniRef100_L1K049~K10901	44.6	298	149	5	1	286	21	314	9.19e-75	239
assemblyΩ2_1376	UniRef100_B9HZG2~K00895	52.4	336	150	2	2	337	40	365	7.84e-123	363
assemblyΩ2_112	UniRef100_B9L8X1~K02481	40.6	315	165	3	1	311	74	370	6.98e-73	236
assemblyΩ1_5356	UniRef100_Q2VZI9~K06207	46.1	321	170	3	22	340	6	325	3.58e-88	273
assemblyΩ1_1292	UniRef100_A0A0K6BSH7~K02371	95.5	311	14	0	3	313	1	311	1.60e-211	585
assemblyΩ1_3629	UniRef100_A0A1G1TSK4~K00024	99.7	333	1	0	1	333	1	333	8.09e-241	660
assemblyΩ1_1592	UniRef100_A0A0K6BS51~K18785	98.2	332	6	0	1	332	1	332	2.38e-262	714
assemblyΩ1_7350	UniRef100_Q5L9P6~K00099	97.2	321	9	0	1	321	1	321	6.46e-223	617
assemblyΩ1_3828	UniRef100_A0A0K6BPN4~K06180	89.3	291	31	0	29	319	1	291	3.88e-184	518
assemblyΩ1_2530	UniRef100_A3NLV1~K05349	40.4	270	149	8	57	323	39	299	1.43e-46	165
assemblyΩ4_393	UniRef100_H8KA88~K01338	50.0	326	161	2	2	327	1	324	1.33e-97	298
assemblyΩ2_582	UniRef100_H0Q1G2~K12452	51.2	338	137	4	4	314	31	367	8.54e-113	339
assemblyΩ2_987	UniRef100_A0A016BTH9~K01443	99.7	319	1	0	8	326	65	383	2.69e-229	633
assemblyΩ1_3647	UniRef100_A0A0X3BLU6~K01895	44.5	308	161	4	14	314	10	314	1.98e-87	272
assemblyΩ2_1411	UniRef100_F8GQ10~K18902	40.9	291	170	2	4	293	5	294	4.94e-72	230
assemblyΩ1_1879	UniRef100_A0A0K6BRQ1~K02015	75.4	329	66	3	1	322	13	333	4.98e-161	458
assemblyΩ1_4161	UniRef100_A6LGJ1~K01438	54.2	284	128	2	33	315	18	300	3.40e-101	306
assemblyΩ1_3642	UniRef100_Q64YZ6~K00821	85.5	318	46	0	1	318	57	374	6.91e-186	522
assemblyΩ1_3458	UniRef100_W6J5M7~K08303	31.0	294	165	12	2	258	15	307	3.17e-22	101
assemblyΩ1_1812	UniRef100_A0A0K2RNX7~K03781	55.8	292	128	1	8	299	1	291	5.04e-122	358
assemblyΩ1_863	UniRef100_E1WTX0~K01785	97.7	304	7	0	1	304	48	351	1.32e-222	615
assemblyΩ1_6221	UniRef100_F7Z534~K01893	43.2	257	131	8	1	255	51	294	1.64e-61	203
assemblyΩ2_340	UniRef100_A0A0K6BUY2~K01993	95.8	311	13	0	2	312	22	332	1.79e-204	567
assemblyΩ1_3700	UniRef100_A0A0K1PTH6~K07713	43.2	296	158	2	15	300	13	308	1.71e-70	227
assemblyΩ1_3651	UniRef100_A0A223HTN2~K00865	56.6	311	134	1	1	311	71	380	2.19e-112	336
assemblyΩ1_6275	UniRef100_Q7MXR9~K01992	60.6	307	121	0	3	309	72	378	5.98e-129	378
assemblyΩ1_2724	UniRef100_A0A0E3S635~K03498	36.1	280	179	0	22	301	1	280	3.49e-54	184
assemblyΩ1_7292	UniRef100_A0A1X9ULL0~K15726	34.9	292	188	2	4	295	51	340	4.90e-52	180
assemblyΩ1_5800	UniRef100_A0A223NQR3~K02527	46.5	303	161	1	1	302	35	337	9.63e-90	276
assemblyΩ1_5724	UniRef100_D4IJZ8~K07079	71.9	310	84	2	1	307	1	310	2.13e-171	483
assemblyΩ2_1797	UniRef100_A0A1T5DC71~K02343	71.9	303	83	1	1	301	49	351	2.88e-157	449
assemblyΩ2_1023	UniRef100_A0A0K6BW46~K02038	99.0	289	3	0	1	289	1	289	2.07e-198	550
assemblyΩ1_5843	UniRef100_A0A127EXN4~K02355	43.7	277	152	2	10	286	10	282	3.47e-71	228
assemblyΩ1_5812	UniRef100_H8MDG7~K02358	78.0	304	66	1	1	303	65	368	3.77e-173	489
assemblyΩ1_872	UniRef100_A0A1J0Z3Z4~K00615	37.4	270	154	6	16	279	1	261	2.16e-46	164
assemblyΩ1_3641	UniRef100_Q64YZ5~K00145	95.0	298	15	0	1	298	1	298	2.32e-211	584
assemblyΩ1_7202	UniRef100_I7ILL5~K01687	60.1	296	106	3	14	298	1	295	9.20e-113	333
assemblyΩ1_739	UniRef100_A0A0K6BSL3~K01639	98.0	299	6	0	1	299	7	305	1.21e-224	617
assemblyΩ1_3602	UniRef100_A0A024FDV0~K02005	40.4	297	162	3	14	296	32	327	1.94e-70	228
assemblyΩ1_5217	UniRef100_Q1RMG2~K01251	71.1	284	79	2	16	297	24	306	2.27e-139	401
assemblyΩ1_6925	UniRef100_B3QT77~K18707	46.2	286	145	3	16	293	2	286	3.69e-75	239
assemblyΩ2_1003	UniRef100_G9A3E7~K04771	31.1	267	152	7	2	265	39	276	1.60e-25	108
assemblyΩ1_2595	UniRef100_A0A149NSC0~K06217	90.0	300	13	2	1	292	1	291	4.52e-176	495
assemblyΩ2_1307	UniRef100_A0A120MYP3~K12524	35.0	280	158	6	1	264	19	290	2.42e-38	142
assemblyΩ1_5647	UniRef100_V4U243~K01537	42.6	282	160	2	6	286	1	281	8.25e-60	198
assemblyΩ1_955	UniRef100_A0A1U5PPX1~K18472	44.6	249	127	4	50	292	1	244	1.09e-61	201
assemblyΩ1_4921	UniRef100_E1WT72~K00077	94.4	268	15	0	3	270	1	268	9.21e-180	503
assemblyΩ1_4686	UniRef100_C0QU83~K02335	42.6	244	135	2	1	244	46	284	4.80e-60	198
assemblyΩ1_1998	UniRef100_E1WQ96~K03827	77.9	280	61	1	1	280	1	279	2.34e-153	436
assemblyΩ3_103	UniRef100_Q5LDN9~K00831	99.3	285	2	0	1	285	71	355	1.53e-208	577
assemblyΩ1_4724	UniRef100_A4J7U9~K09817	34.7	239	145	4	1	229	20	257	5.80e-37	137
assemblyΩ1_2535	UniRef100_K0WT82~K08138	38.2	251	140	3	31	273	5	248	6.01e-46	161
assemblyΩ2_1848	UniRef100_Q64R86~K11645	96.5	283	10	0	1	283	68	350	2.32e-199	554
assemblyΩ1_4951	UniRef100_A0A1J0YYJ9~K12573	39.7	292	155	8	2	283	55	335	1.01e-55	188
assemblyΩ2_1999	UniRef100_A0A142HKA9~K02529	35.9	231	147	1	1	230	17	247	6.30e-45	159
assemblyΩ2_841	UniRef100_V5WF45~K06147	46.1	271	144	1	1	269	5	275	2.75e-74	236
assemblyΩ1_4419	UniRef100_A0A140N985~K09014	71.9	278	77	1	1	278	60	336	3.84e-147	421
assemblyΩ1_2434	UniRef100_P24164~K00134	79.3	246	49	1	19	264	1	244	2.17e-136	392
assemblyΩ1_1032	UniRef100_A0A0K6BS58~K04486	91.7	277	23	0	1	277	1	277	1.69e-198	548
assemblyΩ2_1022	UniRef100_Q5LBQ4~K02036	97.3	223	6	0	1	223	1	223	5.01e-153	432
assemblyΩ1_2769	UniRef100_F7Z3U7~K03292	30.8	276	172	6	3	274	36	296	5.73e-34	130
assemblyΩ2_795	UniRef100_A0A0K6BVB3~K01609	87.5	271	30	2	1	268	1	270	4.36e-162	456
assemblyΩ2_1370	UniRef100_F9ZBG8~K07071	45.7	256	124	6	2	251	35	281	5.73e-57	189
assemblyΩ2_711	UniRef100_D6CRL0~K01992	35.0	280	173	2	2	272	65	344	5.06e-33	129
assemblyΩ1_7425	UniRef100_Q03084~K18788	41.1	270	155	4	3	272	7	272	1.99e-64	208
assemblyΩ2_2300	UniRef100_Q8A6Q5~K00156	92.5	227	17	0	45	271	2	228	1.31e-150	425
assemblyΩ2_1764	UniRef100_Q5LAX0~K01491	98.1	258	5	0	1	258	1	258	5.21e-179	499
assemblyΩ4_143	UniRef100_D0RMJ3~K00288	37.8	275	158	4	6	267	50	324	3.74e-55	186
assemblyΩ3_83	UniRef100_B7P0M2~K01372	32.2	267	175	4	5	265	6	272	2.32e-40	146
assemblyΩ1_7468	UniRef100_A0A0B5H5H9~K01322	38.7	266	155	5	4	266	11	271	1.64e-52	177
assemblyΩ2_684	UniRef100_A0A0K6BV86~K05807	97.0	264	7	1	1	264	1	263	8.14e-178	495
assemblyΩ2_210	UniRef100_A0A1G1TNB5~K02823	87.1	248	31	1	18	264	1	248	1.16e-152	431
assemblyΩ1_6315	UniRef100_X5DGU3~K21572	31.5	289	155	6	14	265	21	303	1.10e-30	122
assemblyΩ1_3627	UniRef100_A0A141RMJ4~K00243	94.4	250	14	0	1	250	4	253	4.50e-174	486
assemblyΩ1_6913	UniRef100_A0A223NQF9~K07658	40.0	230	134	3	1	226	1	230	1.87e-47	163
assemblyΩ1_6228	UniRef100_X5DY08~K02357	45.1	257	138	3	1	255	1	256	8.85e-61	199
assemblyΩ1_7275	UniRef100_Q5L9L6~K00560	95.8	264	11	0	1	264	1	264	9.40e-194	535
assemblyΩ1_5666	UniRef100_F7V4C4~K00929	38.5	252	153	2	12	263	35	284	1.04e-49	171
assemblyΩ1_4748	UniRef100_Q5LJ16~K01815	97.0	263	8	0	1	263	1	263	2.22e-191	530
assemblyΩ1_1509	UniRef100_K8E4W8~K03169	48.6	216	94	5	2	213	3	205	9.59e-57	187
assemblyΩ2_2366	UniRef100_I9FCV6~K06973	95.0	219	11	0	39	257	12	230	4.09e-144	408
assemblyΩ1_6260	UniRef100_A8Z614~K03593	44.7	237	128	1	1	237	18	251	9.37e-71	223
assemblyΩ2_1424	UniRef100_G8M4C6~K01501	31.5	235	141	10	30	248	49	279	1.90e-16	83.2
assemblyΩ1_5652	UniRef100_A0A0D5XTJ1~K11753	35.5	217	138	1	2	218	46	260	1.05e-35	134
assemblyΩ1_6042	UniRef100_A0A0K6BYS8~K02066	87.5	248	30	1	8	255	1	247	2.21e-140	399
assemblyΩ1_4747	UniRef100_A0A0K6BNC1~K00046	93.0	242	17	0	11	252	22	263	1.34e-158	446
assemblyΩ2_1248	UniRef100_A0A1C0WT75~K06167	94.8	252	13	0	1	252	4	255	3.78e-181	503
assemblyΩ1_6661	UniRef100_Q5L923~K01803	97.6	251	6	0	1	251	1	251	1.08e-172	481
assemblyΩ1_5904	UniRef100_A0A074ZSY3~K01468	41.3	235	120	6	16	241	1	226	3.62e-40	144
assemblyΩ2_892	UniRef100_A0A0K1Q342~K00874	40.1	252	133	5	2	243	60	303	8.87e-49	168
assemblyΩ1_4648	UniRef100_A0A0H3KWM6~K03551	62.6	246	92	0	4	249	34	279	1.93e-101	303
assemblyΩ1_279	UniRef100_A0A0K6BT86~K02003	54.6	249	73	7	1	229	1	229	1.89e-60	196
assemblyΩ2_529	UniRef100_W6AWW5~K03596	60.6	249	98	0	1	249	1	249	1.50e-102	303
assemblyΩ1_6544	UniRef100_A0A0K6BZ28~K00059	98.8	248	3	0	1	248	1	248	3.21e-168	469
assemblyΩ1_5803	UniRef100_A0A1S3Q471~K01262	47.2	214	96	5	40	242	7	214	1.66e-51	174
assemblyΩ1_7373	UniRef100_Q5L9Q7~K03550	95.0	200	9	1	16	214	1	200	4.69e-122	351
assemblyΩ1_3919	UniRef100_A2GK90~K01425	33.7	208	131	4	18	223	1	203	7.22e-29	115
assemblyΩ1_4361	UniRef100_L0RWC6~K02470	53.3	240	104	4	4	242	40	272	1.28e-75	236
assemblyΩ1_5169	UniRef100_G0L6Y1~K07391	61.6	232	89	0	1	232	1	232	8.06e-96	287
assemblyΩ2_1849	UniRef100_Q5LAT7~K01834	97.5	199	5	0	43	241	31	229	1.13e-141	402
assemblyΩ1_1710	UniRef100_A2U1N4~K01258	63.8	213	76	1	4	216	38	249	2.25e-95	285
assemblyΩ2_760	UniRef100_A0A0K6BV13~K01126	92.9	241	16	1	1	240	12	252	3.64e-164	459
assemblyΩ2_601	UniRef100_A0A0A7A4C2~K02314	33.3	216	140	3	24	235	25	240	1.13e-34	130
assemblyΩ1_242	UniRef100_H2ZT38~K07478	47.9	219	96	4	9	210	26	243	8.87e-54	179
assemblyΩ3_447	UniRef100_A0A075VXH0~K02111	63.7	226	59	2	7	232	20	222	3.06e-89	268
assemblyΩ1_316	UniRef100_V7C076~K00036	40.8	233	121	5	6	225	34	262	7.64e-44	154
assemblyΩ2_1331	UniRef100_A0A221JH24~K10563	61.9	244	78	2	1	236	1	237	3.76e-100	298
assemblyΩ2_1027	UniRef100_A0A0E2ALD6~K02040	97.0	232	7	0	1	232	14	245	7.95e-154	434
assemblyΩ1_6602	UniRef100_A0A120MZ95~K03569	63.9	238	85	1	1	238	52	288	1.44e-101	302
assemblyΩ2_1002	UniRef100_A0A1V0AH48~K03086	33.3	249	142	3	1	227	13	259	1.93e-33	128
assemblyΩ2_86	UniRef100_C7X5I2~K05595	99.2	237	1	1	1	237	6	241	4.70e-161	451
assemblyΩ1_6984	UniRef100_L0KUV6~K01838	35.8	204	126	4	20	223	2	200	6.71e-34	127
assemblyΩ2_2079	UniRef100_Q73GD9~K01952	33.9	230	120	9	5	216	28	243	1.13e-24	104
assemblyΩ1_7548	UniRef100_A0A1C7GY64~K06201	76.0	208	50	0	1	208	1	208	3.09e-110	322
assemblyΩ1_971	UniRef100_D4JFH3~K03303	39.6	230	138	1	3	232	9	237	6.91e-47	161
assemblyΩ2_1237	UniRef100_W8EVC3~K13038	57.3	211	88	2	25	233	4	214	1.46e-69	218
assemblyΩ1_7384	UniRef100_A0A0K6BXJ9~K01807	92.3	233	18	0	1	233	1	233	1.53e-154	434
assemblyΩ1_3515	UniRef100_A0A1L6LDY5~K01547	70.9	203	48	2	35	226	1	203	1.15e-88	267
assemblyΩ1_1988	UniRef100_T1UBP9~K01156	32.9	237	132	8	1	231	1	216	1.22e-23	100
assemblyΩ1_884	UniRef100_A0A098BYD4~K00177	67.2	189	55	1	1	189	1	182	1.29e-87	263
assemblyΩ1_5883	UniRef100_I2C0R1~K03040	38.3	222	132	3	1	222	18	234	1.26e-41	147
assemblyΩ1_3441	UniRef100_W0SFK0~K04485	47.0	234	101	4	1	226	1	219	3.69e-61	198
assemblyΩ1_996	UniRef100_A0A149N8U3~K02003	99.1	230	2	0	1	230	9	238	4.32e-159	445
assemblyΩ1_6981	UniRef100_Q5L9D9~K03648	93.5	215	14	0	1	215	1	215	4.14e-148	417
assemblyΩ1_5082	UniRef100_Q9KBM5~K07487	39.2	194	118	0	20	213	17	210	3.93e-46	159
assemblyΩ1_3591	UniRef100_F7YYY4~K00845	43.0	223	123	3	2	221	42	263	3.62e-48	165
assemblyΩ1_2317	UniRef100_R6ZBM6~K01091	93.0	229	15	1	1	229	1	228	1.04e-152	429
assemblyΩ3_438	UniRef100_A0A0E3Q677~K02112	53.5	198	92	0	21	218	1	198	8.36e-67	210
assemblyΩ2_2430	UniRef100_A0A0A7FST7~K01649	39.4	226	134	2	2	225	28	252	7.94e-47	161
assemblyΩ1_7662	UniRef100_A0A0K6BX86~K07025	91.7	228	19	0	1	228	1	228	1.19e-144	408
assemblyΩ2_157	UniRef100_A0A1S3T735~K00639	36.9	222	139	1	7	227	41	262	8.30e-39	140
assemblyΩ1_4923	UniRef100_C9SN32~K19788	42.0	193	106	3	2	189	20	211	7.64e-37	134
assemblyΩ1_4589	UniRef100_T1XKT4~K18902	42.3	201	104	3	1	201	4	192	1.04e-32	124
assemblyΩ1_3442	UniRef100_W0SG66~K04485	43.0	207	115	2	2	208	37	240	1.19e-46	160
assemblyΩ4_291	UniRef100_C3ZI78~K01805	51.3	187	91	0	38	224	2	188	7.59e-61	194
assemblyΩ1_5412	UniRef100_D1JWA7~K01126	79.9	224	44	1	1	224	29	251	1.33e-121	351
assemblyΩ1_4327	UniRef100_C2S419~K01928	39.6	207	117	5	25	226	15	218	9.57e-30	117
assemblyΩ1_2289	UniRef100_A0A139LC86~K02003	75.7	214	52	0	13	226	1	214	1.08e-118	342
assemblyΩ2_213	UniRef100_A0A015S486~K00554	98.2	225	4	0	1	225	1	225	3.13e-159	445
assemblyΩ1_4593	UniRef100_Q08WQ1~K00677	35.2	213	135	3	3	213	43	254	2.28e-36	134
assemblyΩ3_400	UniRef100_Q64UC8~K02003	94.6	224	12	0	1	224	3	226	4.02e-146	412
assemblyΩ3_390	UniRef100_Q64UC8~K02003	93.8	224	14	0	1	224	3	226	4.02e-146	412
assemblyΩ2_1895	UniRef100_A0A072TEE4~K00927	57.1	203	87	0	12	214	16	218	9.87e-77	236
assemblyΩ1_3792	UniRef100_A0A0N7IF72~K01776	80.8	224	43	0	1	224	1	224	1.74e-134	384
assemblyΩ2_535	UniRef100_E1WPK9~K01142	97.2	218	6	0	1	218	1	218	2.78e-161	451
assemblyΩ3_278	UniRef100_S4ZCE9~K08678	57.1	210	90	0	1	210	4	213	6.65e-87	261
assemblyΩ3_144	UniRef100_Q5LDM3~K03801	85.2	223	29	2	1	221	1	221	1.89e-133	379
assemblyΩ1_7620	UniRef100_A0A149N3R3~K07507	96.4	221	8	0	1	221	2	222	5.97e-144	406
assemblyΩ1_2850	UniRef100_F9YVL1~K17716	67.9	218	67	1	3	220	37	251	1.66e-98	292
assemblyΩ1_1210	UniRef100_A0A0K6BRY6~K02003	98.6	221	3	0	1	221	1	221	4.79e-152	426
assemblyΩ1_1188	UniRef100_A0A1Q2HPQ6~K02584	37.4	203	120	2	23	221	1	200	1.32e-36	133
assemblyΩ4_156	UniRef100_A0A126R287~K00609	51.2	211	100	2	2	212	31	238	1.69e-65	208
assemblyΩ3_128	UniRef100_Q64UQ5~K03501	89.9	218	21	1	1	217	1	218	7.36e-136	385
assemblyΩ1_6061	UniRef100_A0A1S3JFZ4~K00088	35.9	198	121	3	6	197	33	230	9.12e-28	111
assemblyΩ2_1892	UniRef100_A0A1C0WFR7~K10773	96.3	218	8	0	2	219	8	225	1.07e-153	431
assemblyΩ1_4356	UniRef100_Q5LIK3~K03584	96.3	219	8	0	1	219	24	242	6.63e-152	427
assemblyΩ1_2126	UniRef100_A0A0D6H251~K06941	37.3	233	126	2	3	215	45	277	3.01e-45	157
assemblyΩ1_5185	UniRef100_C7M9L1~K00588	45.1	204	112	0	7	210	8	211	1.56e-63	202
assemblyΩ1_5856	UniRef100_H1XVI4~K02982	66.7	174	58	0	3	176	34	207	1.20e-74	230
assemblyΩ1_3450	UniRef100_A0A1Y6H7U5~K02014	30.6	186	114	3	2	176	5	186	2.93e-18	85.1
assemblyΩ1_969	UniRef100_Q8YGC7~K03303	36.5	181	107	2	5	178	19	198	6.63e-22	95.1
assemblyΩ1_7676	UniRef100_A0A0E4A1E3~K01448	49.8	217	105	3	1	215	23	237	2.25e-63	202
assemblyΩ1_3941	UniRef100_A0A0E2AT57~K22132	94.8	212	11	0	1	212	31	242	1.36e-143	405
assemblyΩ2_626	UniRef100_Q0T4E9~K03616	30.5	200	95	5	1	191	1	165	6.40e-14	73.6
assemblyΩ1_3829	UniRef100_A0A0N7IF75~K12132	68.5	213	67	0	1	213	1	213	4.72e-100	294
assemblyΩ1_7224	UniRef100_F0Y373~K14326	31.0	216	115	6	9	202	1	204	1.56e-17	84.3
assemblyΩ1_4917	UniRef100_A0A0K6C0V3~K19271	93.2	207	14	0	1	207	1	207	1.43e-142	402
assemblyΩ1_4850	UniRef100_A0A167TY93~K18118	58.6	198	80	1	13	208	4	201	7.88e-79	240
assemblyΩ1_303	UniRef100_A0L4P9~K03218	31.7	202	128	5	15	208	45	244	1.04e-16	82.0
assemblyΩ1_7254	UniRef100_Q5L9K4~K00945	95.2	207	10	0	1	207	19	225	4.64e-135	383
assemblyΩ1_989	UniRef100_A0A015U8Z4~K01935	68.4	212	61	2	1	209	5	213	1.09e-90	270
assemblyΩ1_785	UniRef100_A0A075MKM3~K01868	49.7	199	100	0	6	204	42	240	1.31e-59	192
assemblyΩ1_6414	UniRef100_D7I9M6~K09807	100	189	0	0	1	189	1	189	1.16e-128	367
assemblyΩ1_7052	UniRef100_W0BDH7~K01736	48.3	178	87	2	17	193	4	177	1.57e-54	177
assemblyΩ1_6216	UniRef100_A8DWA5~K01756	67.6	185	59	1	11	195	2	185	2.39e-81	246
assemblyΩ2_320	UniRef100_Q64TE5~K02231	94.5	200	9	2	3	201	1	199	2.62e-133	377
assemblyΩ2_98	UniRef100_A0A174AA89~K03734	99.5	205	1	0	1	205	1	205	4.70e-151	422
assemblyΩ1_1277	UniRef100_L8A2Y4~K01835	44.4	205	101	4	2	203	29	223	1.56e-46	159
assemblyΩ3_372	UniRef100_Q6AQH0~K02824	54.4	204	93	0	1	204	27	230	2.33e-71	222
assemblyΩ1_5815	UniRef100_Q5L894~K02863	99.5	204	1	0	1	204	29	232	1.37e-140	397
assemblyΩ1_4443	UniRef100_F8DJ11~K00848	42.8	166	91	2	1	166	1	162	1.68e-36	132
assemblyΩ1_1130	UniRef100_A0A0D2TDN2~K08678	68.7	195	60	1	3	196	31	225	7.84e-97	286
assemblyΩ4_281	UniRef100_D4IWA1~K00941	42.6	197	112	1	6	202	3	198	6.13e-40	140
assemblyΩ1_5862	UniRef100_Q5L8C1~K02931	99.5	184	1	0	1	184	1	184	1.28e-120	345
assemblyΩ2_695	UniRef100_A0A0X8HDK2~K03702	46.1	178	83	2	21	193	1	170	1.47e-32	121
assemblyΩ1_5881	UniRef100_Q5L8D5~K02986	93.0	201	14	0	1	201	1	201	2.11e-127	362
assemblyΩ1_932	UniRef100_K0IH16~K00520	32.7	168	103	5	2	165	7	168	1.17e-16	80.5
assemblyΩ2_952	UniRef100_F8IDM9~K02045	41.1	192	110	3	6	197	1	189	9.75e-44	151
assemblyΩ2_293	UniRef100_A0A0E3K2N8~K03742	48.8	162	83	0	36	197	9	170	8.58e-37	132
assemblyΩ2_236	UniRef100_A0A1Y0RIN8~K03696	46.5	187	94	2	4	186	27	211	2.54e-51	171
assemblyΩ1_7753	UniRef100_A5D1E6~K00059	36.0	178	110	2	18	195	42	215	1.94e-26	106
assemblyΩ1_2385	UniRef100_G4LUQ5~K02564	58.2	170	71	0	23	192	4	173	2.61e-65	204
assemblyΩ1_1211	UniRef100_A0A0K6BRY6~K02003	97.5	198	5	0	1	198	24	221	3.17e-135	383
assemblyΩ1_5297	UniRef100_A0A1Q2HPQ6~K02584	37.9	195	115	3	2	190	3	197	5.78e-28	110
assemblyΩ2_326	UniRef100_A0A139T5W5~K02226	86.7	181	24	0	1	181	1	181	1.55e-114	329
assemblyΩ1_2146	UniRef100_A0A1L7I2B6~K03525	39.9	198	116	3	1	196	1	197	1.72e-36	133
assemblyΩ1_6637	UniRef100_Q5L912~K03474	89.4	199	10	2	1	189	25	222	4.24e-120	345
assemblyΩ1_2981	UniRef100_A4VYH0~K03497	43.9	157	86	2	1	157	31	185	8.22e-33	122
assemblyΩ2_1925	UniRef100_Q5LAQ8~K06287	90.7	193	18	0	1	193	1	193	2.13e-123	352
assemblyΩ2_1021	UniRef100_A0A0K6BVD8~K02039	95.8	192	8	0	1	192	19	210	1.26e-121	348
assemblyΩ1_7324	UniRef100_Q8A672~K02548	69.2	185	57	0	1	185	1	185	4.90e-84	252
assemblyΩ3_93	UniRef100_A0A0I9RV36~K00349	99.5	192	1	0	1	192	19	210	2.35e-126	360
assemblyΩ2_197	UniRef100_A0A1M2S831~K18146	43.7	174	97	1	19	192	15	187	3.41e-38	136
assemblyΩ1_5719	UniRef100_A0A1C0W670~K09702	92.7	192	14	0	1	192	25	216	6.95e-134	379
assemblyΩ1_3509	UniRef100_D7DKJ9~K07646	48.4	155	80	0	3	157	20	174	7.10e-47	157
assemblyΩ2_2417	UniRef100_A5DSZ4~K00030	37.4	171	103	4	20	186	2	172	4.88e-25	102
assemblyΩ1_3416	UniRef100_A0A017PAT6~K03811	92.6	190	14	0	1	190	1	190	7.95e-113	325
assemblyΩ1_244	UniRef100_I7B6M2~K03778	39.6	197	105	3	6	188	35	231	2.35e-32	122
assemblyΩ1_6052	UniRef100_E4MC90~K01358	72.1	179	49	1	1	179	1	178	7.79e-83	250
assemblyΩ1_5865	UniRef100_Q5L8C4~K02933	97.4	189	5	0	1	189	1	189	2.53e-129	366
assemblyΩ1_2052	UniRef100_Q5LGH0~K00939	97.9	189	4	0	1	189	1	189	6.22e-130	368
assemblyΩ1_834	UniRef100_A0A1B1NED3~K00955	67.9	162	50	1	18	179	10	169	6.42e-70	216
assemblyΩ1_3831	UniRef100_A0A174HED3~K02356	99.5	188	1	0	1	188	1	188	2.09e-132	374
assemblyΩ1_1776	UniRef100_A0A081ULI6~K03386	100	173	0	0	1	173	1	173	2.42e-124	353
assemblyΩ1_583	UniRef100_E1WUB8~K03088	91.4	187	16	0	1	187	1	187	3.42e-117	335
assemblyΩ2_2091	UniRef100_A0A016CM25~K07240	93.4	167	11	0	1	167	1	167	1.75e-104	303
assemblyΩ2_891	UniRef100_A4CKH2~K01625	47.2	176	93	0	7	182	34	209	9.11e-57	183
assemblyΩ1_6893	UniRef100_A0A0K6BY49~K03088	64.6	189	56	4	1	184	1	183	5.81e-64	201
assemblyΩ1_5556	UniRef100_A0A0X8CR03~K07667	30.0	200	110	6	4	176	32	228	1.26e-11	67.4
assemblyΩ2_454	UniRef100_B3GX75~K03149	68.7	150	45	1	34	183	1	148	2.13e-65	203
assemblyΩ2_374	UniRef100_B5EC82~K06042	45.8	177	90	2	4	176	38	212	1.95e-37	134
assemblyΩ1_280	UniRef100_A0A0D5BNA5~K02004	51.1	178	85	1	1	176	1	178	1.98e-49	165
assemblyΩ1_7046	UniRef100_A4G5F0~K01442	55.7	183	78	2	1	180	38	220	3.01e-69	215
assemblyΩ1_5776	UniRef100_A5DCF7~K01679	45.6	149	81	0	27	175	22	170	5.55e-36	129
assemblyΩ1_4566	UniRef100_B1HN97~K21064	32.5	169	98	3	9	165	28	192	2.39e-16	79.3
assemblyΩ1_3417	UniRef100_A0A1C0WY67~K00949	90.5	168	16	0	1	168	1	168	1.47e-108	314
assemblyΩ1_2027	UniRef100_D4Z6R7~K02346	64.2	176	63	0	4	179	6	181	1.97e-74	228
assemblyΩ1_1823	UniRef100_A0A0H6MPP0~K01151	59.0	183	73	1	1	181	1	183	2.35e-66	207
assemblyΩ1_797	UniRef100_Q5LEQ9~K01462	98.4	184	3	0	1	184	1	184	9.62e-127	359
assemblyΩ1_7327	UniRef100_F9VDC3~K07098	32.8	174	105	4	11	179	9	175	3.54e-18	83.6
assemblyΩ3_126	UniRef100_A1T897~K01069	34.1	182	107	3	11	180	39	219	1.14e-24	101
assemblyΩ3_94	UniRef100_A0A0K6BTG9~K00350	99.4	181	1	0	1	181	1	181	1.22e-102	299
assemblyΩ1_3188	UniRef100_A6LF25~K01613	67.2	180	59	0	2	181	39	218	2.76e-83	251
assemblyΩ1_1332	UniRef100_A2RPV7~K00275	48.1	181	81	2	14	182	33	212	2.21e-51	169
assemblyΩ2_1894	UniRef100_A0A0A1U742~K00927	38.8	183	97	5	1	181	22	191	7.52e-28	109
assemblyΩ1_6043	UniRef100_A0A1Y0EH44~K06861	43.4	166	84	1	26	181	23	188	1.04e-39	139
assemblyΩ1_3940	UniRef100_Q64Z80~K09810	92.8	181	13	0	1	181	1	181	8.66e-116	333
assemblyΩ2_2392	UniRef100_E4SF61~K01738	63.2	171	63	0	1	171	18	188	1.75e-69	215
assemblyΩ1_4387	UniRef100_A0A1G1TSK7~K03088	95.0	180	9	0	1	180	1	180	1.22e-118	338
assemblyΩ5_114	UniRef100_Q4C9V4~K07496	42.7	171	81	3	15	171	12	179	2.84e-39	137
assemblyΩ3_445	UniRef100_Q5LD83~K02113	97.2	179	5	0	1	179	8	186	6.38e-122	347
assemblyΩ2_2426	UniRef100_A0A0K2RRQ1~K01703	46.1	178	95	1	2	178	12	189	4.55e-48	160
assemblyΩ2_465	UniRef100_D9RVK2~K00788	36.9	160	100	1	1	159	20	179	3.71e-31	117
assemblyΩ3_102	UniRef100_K4KR98~K05591	35.3	150	94	2	22	168	1	150	6.25e-17	79.7
assemblyΩ2_1214	UniRef100_A0A1L2B2R4~K07175	45.2	177	92	3	1	174	8	182	4.76e-38	135
assemblyΩ2_789	UniRef100_E1Z9N5~K13950	36.7	158	87	2	1	145	1	158	1.79e-19	86.7
assemblyΩ1_5181	UniRef100_F2F8X8~K00873	32.7	156	99	2	3	152	1	156	1.34e-18	84.0
assemblyΩ1_4695	UniRef100_A0A0U5BE08~K15012	30.3	165	101	7	2	161	5	160	2.31e-07	54.7
assemblyΩ2_737	UniRef100_A0A1U7D6I6~K01956	43.9	180	97	2	1	176	33	212	5.13e-43	148
assemblyΩ2_347	UniRef100_A0A1D9FQ29~K00798	37.0	162	88	3	10	171	12	159	2.00e-22	94.4
assemblyΩ1_5712	UniRef100_A0A016CD33~K00567	77.3	172	39	0	1	172	1	172	1.35e-94	277
assemblyΩ1_4691	UniRef100_A0A1U7RPY0~K16618	33.1	166	107	2	2	163	13	178	1.07e-20	90.5
assemblyΩ1_3847	UniRef100_M5A5L9~K00625	50.6	160	77	2	10	169	20	177	2.55e-41	142
assemblyΩ1_3554	UniRef100_A0A0B4X0V3~K01130	32.8	180	97	7	16	172	5	183	1.96e-18	85.1
assemblyΩ1_1166	UniRef100_A0A1X9U1L8~K03427	53.6	166	70	2	1	166	1	159	4.03e-54	175
assemblyΩ2_2409	UniRef100_A0A140NME3~K08679	45.7	175	80	1	1	175	1	160	3.73e-44	149
assemblyΩ2_1230	UniRef100_B2UR21~K03218	38.9	162	99	0	13	174	32	193	3.57e-33	122
assemblyΩ2_453	UniRef100_E1WP98~K00788	79.1	172	35	1	1	172	1	171	5.51e-87	259
assemblyΩ2_46	UniRef100_C9KSB9~K03088	100	173	0	0	1	173	14	186	5.91e-118	337
assemblyΩ1_1084	UniRef100_G2RQG0~K03111	32.3	167	104	3	1	162	3	165	2.10e-19	86.3
assemblyΩ1_874	UniRef100_A0A1D8S086~K00615	39.2	158	94	2	18	173	1	158	5.42e-27	105
assemblyΩ1_337	UniRef100_A0A0D6BNH4~K00067	37.8	156	86	7	7	155	32	183	2.00e-17	81.6
assemblyΩ3_470	UniRef100_Q2NSR4~K07665	41.8	165	93	2	3	166	2	164	2.94e-34	124
assemblyΩ2_327	UniRef100_U6EVR0~K02227	43.6	163	87	2	11	168	2	164	2.11e-37	132
assemblyΩ2_1407	UniRef100_A0A0X8Q2S5~K18138	50.0	148	73	1	3	149	14	161	1.40e-37	132
assemblyΩ1_6931	UniRef100_A0A0K6BYZ6~K01734	98.8	172	2	0	1	172	1	172	8.73e-124	351
assemblyΩ3_417	UniRef100_J0WTI4~K00606	39.0	172	101	2	2	170	11	181	9.29e-33	121
assemblyΩ2_822	UniRef100_D7J733~K03839	80.8	167	32	0	1	167	23	189	4.04e-101	294
assemblyΩ1_3406	UniRef100_A0A098C3C1~K03088	32.7	171	105	2	8	168	13	183	1.21e-22	95.1
assemblyΩ1_2733	UniRef100_A0A0K6BRH0~K00339	97.6	170	4	0	1	170	1	170	2.12e-105	304
assemblyΩ1_4775	UniRef100_F7XVY7~K07568	41.6	161	93	1	3	163	33	192	5.24e-38	134
assemblyΩ1_4527	UniRef100_A0A1S3ZPF0~K09458	47.6	147	73	3	21	167	1	143	1.59e-35	126
assemblyΩ1_4305	UniRef100_A0A141RAP8~K03088	97.6	168	4	0	1	168	1	168	3.71e-114	326
assemblyΩ1_2727	UniRef100_Q5LH49~K00331	99.4	157	1	0	1	157	26	182	1.40e-113	326
assemblyΩ2_2369	UniRef100_A0A0K1Q9V6~K01939	50.0	154	77	0	7	160	2	155	3.17e-46	154
assemblyΩ2_1727	UniRef100_A0A1C3S9L3~K19425	40.4	146	78	1	4	149	5	141	2.07e-30	113
assemblyΩ2_289	UniRef100_S5C3C0~K03110&K03646	50.9	165	77	1	5	165	9	173	4.13e-48	160
assemblyΩ2_75	UniRef100_A0A1D9F8F6~K21071	35.5	155	81	3	21	157	1	154	5.39e-22	92.8
assemblyΩ1_2363	UniRef100_A0A1G4G6V3~K03088	49.7	151	74	2	1	149	20	170	2.07e-41	142
assemblyΩ1_7530	UniRef100_A0A139T444~K03088	92.5	160	10	2	1	160	19	176	2.71e-95	279
assemblyΩ2_2470	UniRef100_F8GQ12~K18902	39.3	163	99	0	2	164	22	184	8.80e-31	115
assemblyΩ2_579	UniRef100_I0IP08~K00978	49.4	162	77	3	1	162	15	171	3.21e-52	170
assemblyΩ1_4965	UniRef100_A0A139TGH5~K09924	93.3	164	11	0	1	164	26	189	2.16e-103	300
assemblyΩ1_1251	UniRef100_S5MT01~K21741	47.1	153	77	2	3	155	2	150	8.93e-35	125
assemblyΩ3_444	UniRef100_Q5LD84~K02109	95.7	163	7	0	1	163	3	165	1.03e-77	234
assemblyΩ2_1950	UniRef100_Q1J6I0~K01572	47.9	142	72	1	20	161	1	140	9.23e-38	132
assemblyΩ1_7328	UniRef100_A0A0N7IEX9~K00969	64.1	153	53	1	5	155	33	185	1.77e-67	209
assemblyΩ1_2259	UniRef100_J3MDP5~K00384	45.4	152	83	0	9	160	2	153	6.81e-34	122
assemblyΩ1_220	UniRef100_A6L0G1~K03088	82.2	146	26	0	3	148	22	167	2.11e-84	251
assemblyΩ3_17	UniRef100_A0A142EJF7~K00661	45.9	159	81	2	1	159	1	154	5.50e-39	136
assemblyΩ2_2408	UniRef100_G0VRS1~K08679	54.0	161	71	1	1	158	1	161	6.54e-59	186
assemblyΩ1_7184	UniRef100_A0A060R6I2~K20968	36.6	134	84	1	18	151	14	146	2.18e-25	100
assemblyΩ1_6866	UniRef100_A0A0K6BYW8~K00432	89.8	157	16	0	1	157	17	173	1.91e-103	299
assemblyΩ1_5852	UniRef100_Q3XYY6~K02886	60.4	159	61	1	1	157	22	180	5.12e-55	177
assemblyΩ1_3501	UniRef100_D1JUC8~K03088	40.0	145	85	1	17	159	34	178	1.34e-28	109
assemblyΩ1_7274	UniRef100_A0A0P0GL56~K00287	77.8	144	32	0	4	147	2	145	4.22e-75	227
assemblyΩ1_7273	UniRef100_A0A0K6BYC4~K03718	99.4	158	1	0	1	158	1	158	9.68e-112	319
assemblyΩ1_4097	UniRef100_A0A1B1B6I6~K05349	43.1	130	72	2	22	150	14	142	9.57e-25	99.0
assemblyΩ2_2131	UniRef100_U3TRK1~K05847	41.2	148	81	2	2	147	14	157	2.48e-25	101
assemblyΩ4_122	UniRef100_A0A142YBA8~K13979	60.4	134	52	1	11	143	22	155	7.93e-49	160
assemblyΩ3_170	UniRef100_A0A1V0QEL2~K02003	42.8	152	83	2	6	156	8	156	3.25e-31	116
assemblyΩ2_787	UniRef100_Q56YC7~K01696	51.5	130	61	1	26	153	5	134	1.06e-39	136
assemblyΩ2_615	UniRef100_A9BJD4~K03617	50.0	156	77	1	1	156	1	155	3.27e-39	137
assemblyΩ2_463	UniRef100_A0A0D5L5F0~K21029	51.1	139	68	0	1	139	18	156	7.88e-41	140
assemblyΩ1_5813	UniRef100_A0A0I9TYY2~K02601	99.3	152	1	0	5	156	29	180	8.05e-104	300
assemblyΩ1_1696	UniRef100_A0A139L402~K03711	64.4	135	44	2	2	136	3	133	9.49e-55	174
assemblyΩ2_838	UniRef100_D6E8B2~K06147	54.2	155	71	0	1	155	1	155	1.29e-50	165
assemblyΩ1_2053	UniRef100_Q9XDI7~K00760	96.8	155	5	0	1	155	24	178	1.25e-104	302
assemblyΩ2_2372	UniRef100_A0A0K6BWU1~K03711	98.7	153	2	0	1	153	1	153	6.13e-108	310
assemblyΩ2_121	UniRef100_A0A0X8X3E4~K02004	31.0	155	103	1	4	154	20	174	3.97e-18	82.4
assemblyΩ1_5079	UniRef100_A0A0E2AJD5~K03718	99.4	154	1	0	1	154	8	161	9.83e-107	306
assemblyΩ1_2457	UniRef100_A0A174GRN5~K00794	90.9	154	14	0	1	154	1	154	1.37e-100	291
assemblyΩ2_2437	UniRef100_A0A015VYR3~K03594	99.3	153	1	0	1	153	18	170	1.29e-106	306
assemblyΩ1_6210	UniRef100_A0A139K1T8~K00661	88.7	150	17	0	1	150	34	183	1.37e-88	261
assemblyΩ1_3048	UniRef100_A3U9J4~K08316	43.2	148	80	3	1	146	1	146	8.87e-33	120
assemblyΩ1_1043	UniRef100_A4VW37~K07668	36.5	148	72	3	5	142	3	138	4.80e-18	81.6
assemblyΩ1_6131	UniRef100_A0A222E4E4~K06871	30.5	151	93	6	1	148	1	142	8.38e-07	52.4
assemblyΩ1_5761	UniRef100_A0A1B1FWZ0~K00798	39.2	153	81	3	9	150	6	157	2.25e-22	93.6
assemblyΩ1_3600	UniRef100_A4VTP4~K02004	37.0	146	90	1	6	151	33	176	1.58e-20	88.6
assemblyΩ1_2397	UniRef100_W2TPV2~K08656	36.4	140	86	1	13	149	5	144	5.73e-30	112
assemblyΩ1_913	UniRef100_A0A1Y0HQV2~K03839	42.6	122	70	0	9	130	8	129	7.31e-33	119
assemblyΩ1_2364	UniRef100_F8ID37~K01740	39.3	150	90	1	1	149	28	177	6.38e-27	105
assemblyΩ1_6663	UniRef100_A0A1C9WBT4~K01495	58.8	148	60	1	1	147	32	179	8.74e-55	176
assemblyΩ1_3924	UniRef100_A0A0H3NML8~K01580	44.8	134	73	1	16	148	18	151	4.55e-29	109
assemblyΩ1_4532	UniRef100_U3K771~K00850	32.1	162	79	3	5	142	20	174	1.65e-18	83.6
assemblyΩ1_2390	UniRef100_A0A0T8QV61~K07139	42.9	140	79	1	3	141	24	163	5.51e-36	127
assemblyΩ1_5714	UniRef100_A0A172TRW9~K00567	36.2	138	77	2	13	139	11	148	1.65e-14	72.4
assemblyΩ1_3933	UniRef100_D4L8Y5~K03308	33.6	143	93	2	2	142	13	155	2.05e-27	105
assemblyΩ1_5816	UniRef100_A0A139SZP2~K02864	98.6	146	2	0	1	146	25	170	1.52e-94	276
assemblyΩ1_591	UniRef100_R4M2B3~K03686	37.9	132	78	2	1	129	20	150	2.45e-20	87.4
assemblyΩ1_3012	UniRef100_F0R288~K03088	63.8	141	51	0	1	141	1	141	5.68e-61	191
assemblyΩ2_584	UniRef100_A0A238U6X3~K01790	46.1	141	69	1	4	144	12	145	2.53e-33	120
assemblyΩ1_5814	UniRef100_Q5L893~K02867	99.3	141	1	0	1	141	1	141	1.06e-93	273
assemblyΩ1_4607	UniRef100_A0A060RE31~K03100	30.8	146	92	3	4	144	30	171	3.99e-21	89.7
assemblyΩ1_1953	UniRef100_A0A0K2RF91~K01689	65.5	142	49	0	3	144	4	145	1.34e-52	169
assemblyΩ1_1590	UniRef100_W8S955~K04761	35.0	120	78	0	25	144	4	123	4.48e-20	85.9
assemblyΩ2_270	UniRef100_A0A060R5T6~K07114	41.3	121	71	0	7	127	12	132	3.14e-25	99.4
assemblyΩ1_467	UniRef100_F9D205~K06959	62.3	138	52	0	1	138	1	138	7.02e-51	165
assemblyΩ1_319	UniRef100_G4M238~K00033	50.4	139	62	2	3	141	14	145	6.57e-37	129
assemblyΩ1_5884	UniRef100_Q5L8D7~K02879	97.9	142	3	0	1	142	20	161	6.61e-86	253
assemblyΩ1_4422	UniRef100_G4NV92~K02519	50.4	141	70	0	1	141	31	171	3.32e-46	153
assemblyΩ1_1138	UniRef100_G0EJ68~K01790	57.1	133	56	1	4	136	6	137	1.27e-49	161
assemblyΩ1_997	UniRef100_X5DYZ8~K02004	34.3	134	88	0	8	141	13	146	6.67e-16	75.5
assemblyΩ2_1599	UniRef100_D1JT17~K03711	92.1	140	10	1	1	140	1	139	8.03e-93	270
assemblyΩ1_156	UniRef100_W0DA78~K00525	56.4	133	55	3	10	140	1	132	3.36e-42	142
assemblyΩ3_382	UniRef100_I4BUI0~K03413	31.2	125	80	2	1	124	1	120	2.18e-10	60.5
assemblyΩ3_100	UniRef100_R1FFW8~K12823	33.1	130	73	4	15	131	8	136	2.28e-10	60.8
assemblyΩ1_5180	UniRef100_A0A015PCP6~K03786	96.4	139	5	0	1	139	1	139	1.10e-92	270
assemblyΩ1_5008	UniRef100_A0A0K2RD88~K02470	32.8	137	80	4	5	129	2	138	5.06e-12	65.5
assemblyΩ1_1013	UniRef100_R4YA61~K07709	38.0	142	82	4	1	139	24	162	8.52e-22	91.3
assemblyΩ3_446	UniRef100_G7JUY1~K02111	46.3	123	66	0	5	127	4	126	8.47e-28	105
assemblyΩ2_1337	UniRef100_Q64RQ9~K03574	88.1	126	15	0	1	126	1	126	3.96e-77	230
assemblyΩ1_6974	UniRef100_A1ANI7~K06950	45.9	135	72	1	4	137	26	160	6.84e-36	127
assemblyΩ1_3192	UniRef100_F2ICT8~K11991	58.0	131	44	2	12	131	6	136	1.54e-43	145
assemblyΩ1_2867	UniRef100_A0A1C3S9L3~K19425	36.2	127	79	2	10	134	5	131	8.77e-22	90.5
assemblyΩ1_2607	UniRef100_A0A076MQI9~K03744	42.2	135	75	2	6	138	17	150	9.33e-26	101
assemblyΩ1_1303	UniRef100_Q64WA9~K09457	97.8	135	3	0	1	135	1	135	4.20e-97	281
assemblyΩ2_1993	UniRef100_A0A0P0GPS6~K21573	43.8	121	65	1	1	121	6	123	3.48e-29	109
assemblyΩ2_77	UniRef100_A0A0P0LHF8~K03088	40.1	137	81	1	1	137	14	149	1.62e-28	108
assemblyΩ1_1591	UniRef100_Q9FDN5~K04047	97.1	137	4	0	1	137	21	157	1.36e-94	275
assemblyΩ2_2418	UniRef100_D4MT56~K00052	40.3	129	74	1	1	126	1	129	1.48e-25	99.8
assemblyΩ2_936	UniRef100_A0A238U5Z1~K02959	54.9	133	55	1	1	128	1	133	1.87e-40	138
assemblyΩ1_6162	UniRef100_A0A1S6HR23~K01867	44.6	121	58	1	1	121	1	112	6.77e-27	102
assemblyΩ1_2442	UniRef100_A0A0K6BQG7~K01493	98.4	128	2	0	1	128	18	145	2.21e-88	259
assemblyΩ1_5790	UniRef100_A0A0K6BZ57~K01104	94.1	135	8	0	1	135	23	157	6.98e-92	268
assemblyΩ1_4653	UniRef100_F5YG80~K07042	34.4	131	77	3	3	125	4	133	4.86e-15	73.2
assemblyΩ1_1435	UniRef100_A0A0D6BBT5~K01740	48.5	132	68	0	3	134	1	132	1.10e-39	135
assemblyΩ1_4466	UniRef100_A0A1G4G9G3~K03088	43.4	136	74	2	1	133	1	136	7.98e-32	116
assemblyΩ2_627	UniRef100_A0A0K6BVN2~K03803	92.4	131	10	0	1	131	1	131	3.73e-78	233
assemblyΩ1_6053	UniRef100_I0FD42~K03544	42.0	131	68	4	1	128	1	126	3.02e-26	101
assemblyΩ1_1302	UniRef100_Q5LFI4~K00783	99.2	129	1	0	1	129	1	129	1.56e-85	252
assemblyΩ1_5846	UniRef100_P94799~K02906	50.4	117	57	1	10	126	1	116	9.71e-30	109
assemblyΩ2_1342	UniRef100_A0A076J9B1~K03741	37.7	130	81	0	1	130	28	157	9.13e-30	110
assemblyΩ1_7731	UniRef100_H6Q4D2~K02160	32.4	136	70	8	10	130	23	151	1.08e-06	51.2
assemblyΩ1_5642	UniRef100_A0A127ETW4~K11443	42.9	112	61	2	16	124	4	115	2.43e-22	90.9
assemblyΩ1_1289	UniRef100_A0A0B7LE71~K00259	48.5	132	64	2	1	129	1	131	7.73e-33	118
assemblyΩ1_2332	UniRef100_A0A1S4C5J9~K01918	40.5	121	67	3	7	125	1	118	1.76e-16	75.9
assemblyΩ1_6225	UniRef100_Q5L8W6~K02996	99.2	128	1	0	1	128	1	128	1.61e-82	243
assemblyΩ1_2726	UniRef100_A0A109RP81~K00330	47.7	111	58	0	6	116	6	116	8.10e-27	102
assemblyΩ1_1309	UniRef100_W8EW33~K03088	39.5	129	77	1	1	128	19	147	2.37e-25	99.4
assemblyΩ2_697	UniRef100_L7YAN9~K03748	47.5	120	61	1	1	120	30	147	7.09e-29	108
assemblyΩ1_6236	UniRef100_D3ID64~K01770	69.8	126	38	0	1	126	32	157	9.14e-63	194
assemblyΩ1_7582	UniRef100_A0A0K6BXA6~K00537	92.2	102	8	0	18	119	16	117	2.40e-63	194
assemblyΩ1_6224	UniRef100_A0A142HP28~K02871	66.1	118	38	1	1	118	1	116	6.65e-53	169
assemblyΩ1_5604	UniRef100_Q64N36~K02437	95.2	125	6	0	1	125	1	125	8.36e-84	246
assemblyΩ1_4763	UniRef100_A0A0K6BNK6~K03536	94.4	126	7	0	1	126	1	126	9.73e-74	221
assemblyΩ1_2114	UniRef100_A0A0K6BQT0~K03075	99.2	126	1	0	1	126	1	126	2.76e-64	197
assemblyΩ1_2445	UniRef100_E1WLZ4~K01934	90.4	125	12	0	1	125	27	151	8.46e-80	237
assemblyΩ2_1631	UniRef100_A0A068N5X2~K00817	39.8	118	65	3	2	114	12	128	1.97e-19	83.6
assemblyΩ1_4411	UniRef100_A0A209NSC9~K11717	51.9	108	51	1	11	118	2	108	7.71e-31	112
assemblyΩ1_1896	UniRef100_B9IV69~K03553	56.8	111	48	0	1	111	11	121	8.45e-43	142
assemblyΩ2_808	UniRef100_A0A0D3LNS9~K03413	37.7	122	75	1	1	122	1	121	1.03e-23	94.4
assemblyΩ2_1019	UniRef100_A0A1U8H702~K00793	39.6	106	46	6	13	117	1	89	4.06e-08	53.5
assemblyΩ1_2318	UniRef100_A0A139L6K1~K02888	90.9	121	11	0	1	121	1	121	2.01e-75	224
assemblyΩ1_6412	UniRef100_A0A139KQY0~K03282	90.4	115	11	0	1	115	15	129	4.15e-65	199
assemblyΩ1_4447	UniRef100_A0A0S2ZLE1~K00048	62.9	116	43	0	4	119	3	118	1.42e-40	136
assemblyΩ1_835	UniRef100_F0LSD1~K00957	61.2	103	40	0	18	120	2	104	6.64e-36	124
assemblyΩ2_1210	UniRef100_A0A0S3QTH0~K03413	35.2	105	64	2	13	116	2	103	1.82e-11	62.8
assemblyΩ2_512	UniRef100_I3U7G8~K01265	51.4	105	50	1	14	118	1	104	1.95e-30	110
assemblyΩ1_6918	UniRef100_L0FXK8~K02939	57.6	118	50	0	1	118	1	118	3.67e-39	134
assemblyΩ1_3595	UniRef100_D4JRF5~K02003	44.3	97	54	0	2	98	18	114	8.25e-23	91.7
assemblyΩ3_456	UniRef100_W0NZA5~K03671	39.5	114	58	1	2	115	3	105	5.57e-23	91.7
assemblyΩ1_4942	UniRef100_L7WI69~K03088	39.0	100	57	2	11	107	1	99	2.54e-12	64.3
assemblyΩ1_856	UniRef100_R1BZ72~K03257	40.6	106	63	0	11	116	1	106	6.76e-21	87.0
assemblyΩ2_2310	UniRef100_H6LH92~K04077	71.9	96	27	0	1	96	22	117	7.26e-40	134
assemblyΩ1_1291	UniRef100_A0A0K2RKW6~K00259	58.7	104	43	0	5	108	1	104	3.01e-38	130
assemblyΩ4_306	UniRef100_A7MVY5~K00428	44.2	95	47	1	6	100	2	90	2.43e-16	74.7
assemblyΩ1_3783	UniRef100_A1CYM7~K11778	33.3	99	59	4	7	103	1	94	6.42e-07	50.1
assemblyΩ1_3589	UniRef100_Q5LHW2~K02884	99.1	114	1	0	1	114	1	114	9.33e-74	220
assemblyΩ1_2331	UniRef100_A0A1C7GVP5~K01579	97.2	109	3	0	1	109	1	109	1.05e-70	212
assemblyΩ2_1093	UniRef100_M4RKN4~K00012	40.0	95	55	1	22	114	4	98	1.03e-17	78.2
assemblyΩ1_3699	UniRef100_W6RWS4~K02483	32.7	107	71	1	6	112	3	108	9.26e-08	52.8
assemblyΩ1_7667	UniRef100_A0A0A8F0R3~K18234	52.9	102	45	1	15	113	20	121	1.90e-28	105
assemblyΩ1_2281	UniRef100_A0A0H3NYT7~K11537	50.5	109	49	2	1	109	23	126	1.61e-27	103
assemblyΩ1_1768	UniRef100_Q8Y0E4~K01752	59.0	100	41	0	1	100	5	104	2.25e-33	117
assemblyΩ2_660	UniRef100_A0A0K6BVN8~K10947	95.5	111	5	0	1	111	1	111	6.26e-72	215
assemblyΩ2_1465	UniRef100_U5NA39~K00548	54.3	94	43	0	16	109	7	100	4.49e-26	99.0
assemblyΩ1_5102	UniRef100_F4DNP9~K01791	64.8	108	38	0	1	108	18	125	2.73e-45	148
assemblyΩ1_2313	UniRef100_S5MG10~K01990	33.6	107	65	3	1	105	4	106	8.38e-10	57.8
assemblyΩ2_1325	UniRef100_A0A139TDC5~K06996	97.2	108	3	0	1	108	1	108	2.78e-72	216
assemblyΩ2_842	UniRef100_A0A0F8YAF8~K06147	48.4	91	47	0	9	99	1	91	7.32e-22	88.6
assemblyΩ1_5817	UniRef100_Q5L896~K02935	99.0	100	1	0	1	100	1	100	3.05e-47	153
assemblyΩ1_5657	UniRef100_V9VVZ9~K02426	36.8	114	60	2	8	109	7	120	7.35e-16	73.9
assemblyΩ2_1308	UniRef100_W2E8X8~K02041	32.6	89	59	1	9	96	2	90	5.21e-10	58.2
assemblyΩ1_1925	UniRef100_A0A081TVE3~K03210	100	108	0	0	1	108	1	108	1.97e-69	208
assemblyΩ1_1099	UniRef100_A0A1C7H0K0~K07154	69.1	97	30	0	1	97	1	97	2.43e-45	147
assemblyΩ3_502	UniRef100_R5DTB0~K07658	38.8	98	58	1	1	96	7	104	3.28e-16	74.3
assemblyΩ2_1310	UniRef100_A0A1B1FTF2~K11755	53.9	89	41	0	12	100	5	93	1.90e-25	97.1
assemblyΩ1_7602	UniRef100_A0A0A8JDE5~K03310	41.8	98	53	2	9	103	4	100	4.46e-18	79.0
assemblyΩ1_6990	UniRef100_A0A060R891~K00057	55.0	109	47	1	1	107	19	127	1.52e-33	118
assemblyΩ1_6875	UniRef100_A0A015W7I2~K07334	99.1	107	1	0	1	107	1	107	2.81e-73	218
assemblyΩ1_1338	UniRef100_A0A139LGS1~K01759	89.0	100	11	0	6	105	26	125	1.01e-65	199
assemblyΩ4_362	UniRef100_A0A0H2YFY0~K01812	56.8	95	38	2	1	95	5	96	9.66e-36	123
assemblyΩ2_1595	UniRef100_A0A142HSA7~K03671	41.6	89	52	0	16	104	9	97	7.28e-17	75.5
assemblyΩ1_5770	UniRef100_A0A154S7Q7~K07792	50.0	96	48	0	9	104	2	97	2.45e-28	104
assemblyΩ1_3180	UniRef100_A0A0K6BPT6~K03671	94.2	104	6	0	1	104	1	104	5.12e-70	209
assemblyΩ1_2734	UniRef100_A0A0K6BQ87~K00340	100	103	0	0	1	103	1	103	4.24e-64	194
assemblyΩ2_2339	UniRef100_A0A1Z2XE09~K03088	48.0	102	51	2	3	102	24	125	4.94e-23	91.7
assemblyΩ2_1207	UniRef100_Q64S16~K04749	92.0	100	8	0	1	100	1	100	4.82e-60	184
assemblyΩ2_580	UniRef100_D7LV62~K00966	32.6	92	60	1	1	90	1	92	4.85e-08	52.8
assemblyΩ1_5844	UniRef100_Q5L8A8~K02946	100	101	0	0	1	101	1	101	1.49e-63	193
assemblyΩ2_1572	UniRef100_J9UBW1~K06871	48.8	84	43	0	13	96	6	89	3.45e-28	103
assemblyΩ1_7845	UniRef100_A0A101DE91~K03413	41.4	99	57	1	1	99	20	117	8.53e-22	88.2
assemblyΩ1_7466	UniRef100_A0A140NMH2~K00262	58.0	100	41	1	1	100	1	99	1.38e-31	112
assemblyΩ2_1220	UniRef100_F0R3U1~K09022	71.0	100	28	1	1	99	26	125	7.07e-39	131
assemblyΩ1_5863	UniRef100_Q5L8C2~K02954	99.0	99	1	0	1	99	1	99	8.75e-62	188
assemblyΩ1_5083	UniRef100_A9B622~K01802	47.9	96	47	2	5	97	16	111	1.66e-20	84.7
assemblyΩ1_221	UniRef100_L7VQH7~K03744	40.5	84	50	0	3	86	8	91	1.99e-14	68.9
assemblyΩ1_5809	UniRef100_A0A081TQY9~K05808	100	95	0	0	1	95	1	95	3.85e-58	179
assemblyΩ1_5014	UniRef100_A6VK76~K07301	47.9	94	49	0	3	96	6	99	5.12e-16	73.2
assemblyΩ1_5233	UniRef100_A0A0N7IEI9~K01185	75.3	97	24	0	1	97	1	97	1.11e-45	147
assemblyΩ1_5167	UniRef100_A0A0D6AM62~K07391	52.2	90	42	1	3	92	19	107	2.85e-20	84.0
assemblyΩ1_3764	UniRef100_A0A0N7IEI9~K01185	71.1	97	28	0	1	97	1	97	5.08e-42	138
assemblyΩ2_2253	UniRef100_W8I4T6~K03522	58.1	86	36	0	2	87	9	94	2.56e-28	103
assemblyΩ1_472	UniRef100_F9D206~K06959	67.9	84	27	0	10	93	14	97	1.24e-33	117
assemblyΩ2_2447	UniRef100_B7QMP3~K03783	37.9	95	57	1	1	93	5	99	1.05e-15	72.0
assemblyΩ1_5869	UniRef100_A0A060RC76~K02876	59.6	94	37	1	1	94	1	93	3.39e-27	100
assemblyΩ1_3207	UniRef100_Q4BWQ1~K09903	54.0	87	40	0	4	90	3	89	2.37e-25	96.7
assemblyΩ1_5186	UniRef100_A0A0K6C0Q3~K02834	97.8	90	2	0	4	93	21	110	3.49e-55	172
assemblyΩ1_573	UniRef100_B0KCP3~K07052	40.5	79	45	2	15	93	2	78	2.86e-15	70.5
assemblyΩ2_452	UniRef100_A0A0E2ANL5~K03154	54.0	100	32	4	1	92	9	102	2.41e-21	86.3
assemblyΩ1_7663	UniRef100_A0A1B7ZF00~K11741	75.9	87	21	0	1	87	1	87	8.58e-44	143
assemblyΩ1_7680	UniRef100_G0I9N7~K01740	42.7	89	51	0	1	89	11	99	1.25e-18	79.3
assemblyΩ1_1091	UniRef100_A0A081U0Z3~K03530	100	91	0	0	1	91	1	91	3.74e-57	176
assemblyΩ1_6652	UniRef100_A0A1G4G9Z6~K03655	56.2	89	39	0	1	89	18	106	7.09e-26	97.8
assemblyΩ1_5850	UniRef100_A0A0K6BZ49~K02892	97.5	80	2	0	1	80	1	80	5.95e-48	153
assemblyΩ1_5434	UniRef100_A0A0K6C0E1~K03530	94.4	90	5	0	1	90	1	90	7.05e-48	152
assemblyΩ1_5872	UniRef100_J9U995~K01265	48.2	83	40	1	2	84	3	82	8.43e-21	84.3
assemblyΩ1_5773	UniRef100_R4Y7J4~K07792	51.9	81	39	0	3	83	5	85	5.77e-19	79.7
assemblyΩ1_2319	UniRef100_Q5LGR6~K02899	98.9	89	1	0	1	89	1	89	5.58e-58	178
assemblyΩ1_282	UniRef100_S6B6U6~K02004	52.8	89	42	0	1	89	19	107	5.07e-28	103
assemblyΩ1_7363	UniRef100_W6AKI0~K21636	62.2	74	28	0	12	85	5	78	2.36e-27	100
assemblyΩ1_5857	UniRef100_U3Q9J1~K02878	65.3	75	26	0	1	75	1	75	5.65e-29	104
assemblyΩ1_4711	UniRef100_D7BIZ9~K01945	51.8	85	39	1	1	85	1	83	1.97e-23	90.9
assemblyΩ10_10	UniRef100_A0A1G1TQX9~K19158	60.7	84	32	1	1	83	1	84	4.51e-22	87.4
assemblyΩ3_443	UniRef100_Q5LD85~K02110	100	85	0	0	1	85	1	85	1.78e-32	113
assemblyΩ1_7121	UniRef100_A0A069SBI2~K03088	42.5	80	45	1	6	84	1	80	5.86e-07	48.9
assemblyΩ1_5838	UniRef100_A0A068NZ13~K02950	79.8	84	17	0	1	84	10	93	7.04e-39	130
assemblyΩ1_4358	UniRef100_Q5LIK4~K02968	96.4	84	3	0	1	84	1	84	1.09e-46	149
assemblyΩ6_29	UniRef100_A0A1B3WI28~K07172	50.0	82	41	0	1	82	1	82	9.95e-24	91.3
assemblyΩ6_17	UniRef100_A0A1B3WI28~K07172	50.0	82	41	0	1	82	1	82	9.95e-24	91.3
assemblyΩ4_355	UniRef100_A0A0P0NHR7~K08217	35.1	77	50	0	2	78	3	79	1.65e-07	50.4
assemblyΩ2_1573	UniRef100_E2X595~K06871	46.2	78	42	0	1	78	2	79	3.56e-21	85.1
assemblyΩ1_6738	UniRef100_U6EZU3~K03654	63.0	73	27	0	4	76	6	78	1.75e-26	98.2
assemblyΩ3_439	UniRef100_A0A0K6BUN1~K02114	97.5	81	2	0	1	81	1	81	2.71e-50	158
assemblyΩ1_1631	UniRef100_F0LQU0~K01661	60.5	81	32	0	1	81	5	85	1.76e-31	110
assemblyΩ2_1917	UniRef100_A0A0K6BX34~K02078	96.3	80	3	0	1	80	1	80	2.95e-49	155
assemblyΩ1_5879	UniRef100_I2C0R0~K02952	67.9	78	24	1	1	78	1	77	2.15e-28	102
assemblyΩ1_2435	UniRef100_F0YI08~K00134	63.9	72	26	0	2	73	9	80	1.11e-25	96.3
assemblyΩ1_923	UniRef100_A0A1D7NHN6~K00658	34.3	70	45	1	5	74	4	72	1.44e-06	47.4
assemblyΩ1_2661	UniRef100_A0A0I9SB40~K03116	94.6	74	4	0	1	74	1	74	4.57e-26	96.7
assemblyΩ1_5876	UniRef100_Q5L8D1~K02518	100	72	0	0	1	72	1	72	1.56e-45	145
assemblyΩ1_5859	UniRef100_Q5L8B8~K02961	95.8	72	3	0	1	72	18	89	2.46e-43	140
assemblyΩ1_782	UniRef100_D0Z880~K02887	60.9	64	25	0	9	72	15	78	6.39e-17	73.6
assemblyΩ1_5853	UniRef100_W8F583~K02965	86.8	68	9	0	1	68	1	68	1.15e-37	125
assemblyΩ1_4524	UniRef100_A0A1Y0EEK2~K02078	46.6	58	31	0	1	58	1	58	3.21e-07	48.5
assemblyΩ3_171	UniRef100_A0A0A8NPM4~K02003	57.8	64	27	0	1	64	2	65	7.79e-19	77.8
assemblyΩ1_5880	UniRef100_L0RZE3~K02948	64.6	65	23	0	1	65	1	65	4.68e-26	95.9
assemblyΩ1_5858	UniRef100_Q5L8B7~K02904	100	65	0	0	1	65	1	65	3.95e-36	121
assemblyΩ1_1212	UniRef100_D6DHZ3~K01607	54.7	53	24	0	11	63	4	56	7.54e-17	72.4
assemblyΩ1_352	UniRef100_W5YMJ2~K01791	54.1	61	28	0	1	61	1	61	5.66e-15	68.2
assemblyΩ1_365	UniRef100_A0A1T3ERN8~K02078	46.8	62	33	0	1	62	8	69	1.78e-10	56.6
assemblyΩ1_5353	UniRef100_W0V9P7~K02956	52.5	59	28	0	1	59	5	63	5.52e-14	65.1
assemblyΩ1_5868	UniRef100_Q5L8C7~K02907	98.3	58	1	0	1	58	1	58	9.30e-32	109
assemblyΩ2_1476	UniRef100_U5QAG0~K03088	52.7	55	26	0	1	55	1	55	6.72e-14	64.7
assemblyΩ1_5840	UniRef100_J9ZBC4~K02992	63.3	49	18	0	8	56	10	58	7.47e-15	67.0
assemblyΩ2_1975	UniRef100_K7ZDR8~K02909	56.6	53	22	1	1	52	1	53	1.50e-15	68.6
assemblyΩ1_4289	UniRef100_A0A0G2ZXA2~K01520	54.0	50	23	0	1	50	4	53	5.84e-10	54.3
assemblyΩ1_5877	UniRef100_Q5L8D2~K02919	100	38	0	0	1	38	1	38	1.69e-19	77.4
